{
  "class_attacks": {
    "Paladin": [
      {
        "key": "radiant_smash",
        "name": "Radiant Smash",
        "dice": "2d8",
        "stat": "str",
        "prof": true,
        "notes": "Divine strike; pairs with smite."
      },
      {
        "key": "aegis_smash",
        "name": "Aegis Smash",
        "dice": "1d6",
        "stat": "str",
        "prof": true,
        "notes": "Shield bash with stun chance."
      }
    ],
    "Rogue": [
      {
        "key": "shadow_thrust",
        "name": "Shadow Thrust",
        "dice": "1d6",
        "stat": "dex",
        "prof": true,
        "notes": "Can apply sneak attack when eligible."
      },
      {
        "key": "backfling",
        "name": "Backfling",
        "dice": "1d4",
        "stat": "dex",
        "prof": true,
        "notes": "Move behind enemy; increase crit chance."
      }
    ],
    "Wizard": [
      {
        "key": "arcane_bolt",
        "name": "Arcane Bolt",
        "dice": "1d10",
        "stat": "int",
        "prof": false,
        "notes": "Basic magical bolt."
      },
      {
        "key": "arcane_barb_attack",
        "name": "Arcane Barb Attack",
        "dice": "1d8",
        "stat": "int",
        "prof": false,
        "notes": "Empowers next attack."
      }
    ],
    "Cleric": [
      {
        "key": "balm_strike",
        "name": "Balm Strike",
        "dice": "1d6",
        "stat": "wis",
        "prof": false,
        "notes": "Heals caster for part of damage."
      },
      {
        "key": "soul_ward_attack",
        "name": "Soul Ward Attack",
        "dice": "1d6",
        "stat": "wis",
        "prof": false,
        "notes": "Small damage and shield effect."
      }
    ],
    "Fighter": [
      {
        "key": "brutal_cleave",
        "name": "Brutal Cleave",
        "dice": "1d12",
        "stat": "str",
        "prof": true,
        "notes": "May hit adjacent target on high roll."
      },
      {
        "key": "shield_bash",
        "name": "Shield Bash",
        "dice": "1d6",
        "stat": "str",
        "prof": true,
        "notes": "Stun chance."
      }
    ],
    "Ranger": [
      {
        "key": "piercing_volley",
        "name": "Piercing Volley",
        "dice": "1d6",
        "stat": "dex",
        "prof": true,
        "notes": "Multi-shot to two targets."
      },
      {
        "key": "tempest_strike_class",
        "name": "Tempest Strike",
        "dice": "3d6",
        "stat": "dex",
        "prof": true,
        "notes": "Lightning-style class move."
      }
    ],
    "Warlock": [
      {
        "key": "void_touch",
        "name": "Void Touch",
        "dice": "1d8",
        "stat": "cha",
        "prof": false,
        "notes": "Void-infused melee."
      },
      {
        "key": "eldritch_blow",
        "name": "Eldritch Blow",
        "dice": "1d10",
        "stat": "cha",
        "prof": false,
        "notes": "Stronger eldritch hit."
      }
    ],
    "Barbarian": [
      {
        "key": "frenzied_swing",
        "name": "Frenzied Swing",
        "dice": "1d12",
        "stat": "str",
        "prof": true,
        "notes": "High damage, low defense."
      },
      {
        "key": "cleave_power",
        "name": "Cleave Power",
        "dice": "2d6",
        "stat": "str",
        "prof": true,
        "notes": "Two-target cleave."
      }
    ]
  },
  "weapon_attacks": {
    "Longsword": [
      {
        "key": "steel_fang_rend",
        "name": "Steel Fang Rend",
        "dice": "1d8",
        "stat": "str",
        "prof": true,
        "notes": "Versatile slashing weapon."
      }
    ],
    "GreatAxe": [
      {
        "key": "cleaving_chop",
        "name": "Cleaving Chop",
        "dice": "1d12",
        "stat": "str",
        "prof": true,
        "notes": "High crit potential."
      }
    ],
    "Dagger": [
      {
        "key": "stabbing_dagger",
        "name": "Stabbing Dagger",
        "dice": "1d4",
        "stat": "dex",
        "prof": true,
        "notes": "Can be thrown."
      }
    ],
    "Shortbow": [
      {
        "key": "piercing_shot",
        "name": "Piercing Shot",
        "dice": "1d6",
        "stat": "dex",
        "prof": true,
        "notes": "Ranged with sharpshooter synergies."
      }
    ],
    "Staff": [
      {
        "key": "mystic_strike",
        "name": "Mystic Strike",
        "dice": "1d6",
        "stat": "int",
        "prof": false,
        "notes": "Caster melee option."
      }
    ]
  }
}