{
  "cinder_burst": {
    "name": "Cinder Burst",
    "class": [
      "Wizard",
      "Sorcerer"
    ],
    "level": 3,
    "target": "aoe",
    "damage": "8d6",
    "save": "DEX",
    "type": "fire",
    "mana": 6,
    "slot_level": 3,
    "description": "Erupts in a radius dealing heavy fire damage; DEX save for half."
  },
  "arc_shard_volley": {
    "name": "Arc Shard Volley",
    "class": [
      "Wizard",
      "Bard"
    ],
    "level": 1,
    "target": "single",
    "damage": "3d4+3",
    "type": "arcane",
    "mana": 2,
    "slot_level": 1,
    "description": "Magical shards strike a single target; chance to chain."
  },
  "gleam_mend": {
    "name": "Gleam Mend",
    "class": [
      "Cleric",
      "Druid"
    ],
    "level": 1,
    "target": "heal",
    "heal": "1d6+2",
    "type": "holy",
    "mana": 2,
    "slot_level": 1,
    "description": "Restores HP and clears one minor condition."
  },
  "void_spike": {
    "name": "Void Spike",
    "class": [
      "Warlock"
    ],
    "level": 2,
    "target": "single",
    "damage": "2d8",
    "type": "void",
    "mana": 3,
    "slot_level": 2,
    "description": "Piercing dark energy that ignores a portion of defenses."
  },
  "radiant_smash": {
    "name": "Radiant Smash",
    "class": [
      "Paladin"
    ],
    "level": 2,
    "target": "single",
    "damage": "2d8",
    "type": "radiant",
    "mana": 2,
    "slot_level": 2,
    "description": "Divine strike; extra damage vs abyssal or undead."
  },
  "ember_chain": {
    "name": "Ember Chain",
    "class": [
      "Sorcerer",
      "Wizard"
    ],
    "level": 2,
    "target": "aoe",
    "damage": "3d6",
    "type": "fire",
    "mana": 4,
    "slot_level": 2,
    "description": "Small fiery orb that chains between up to 3 targets, halving each hop."
  },
  "luminous_shield": {
    "name": "Luminous Shield",
    "class": [
      "Paladin",
      "Cleric"
    ],
    "level": 1,
    "target": "self",
    "type": "holy",
    "mana": 1,
    "slot_level": 1,
    "description": "Grants temporary armor (+2 AC) for 2 turns."
  },
  "shadow_step": {
    "name": "Shadow Step",
    "class": [
      "Rogue",
      "Warlock"
    ],
    "level": 1,
    "target": "self",
    "type": "shadow",
    "mana": 1,
    "slot_level": 1,
    "description": "Teleport behind an enemy; advantage on next attack."
  },
  "storm_bolt": {
    "name": "Storm Bolt",
    "class": [
      "Wizard",
      "Sorcerer"
    ],
    "level": 3,
    "target": "single",
    "damage": "6d6",
    "save": "CON",
    "type": "lightning",
    "mana": 5,
    "slot_level": 3,
    "description": "Massive lightning strike; CON save for half."
  },
  "frost_sear": {
    "name": "Frost Sear",
    "class": [
      "Druid",
      "Wizard"
    ],
    "level": 2,
    "target": "single",
    "damage": "2d10",
    "type": "cold",
    "mana": 3,
    "slot_level": 2,
    "description": "Cold blast with chance to slow target."
  },
  "arcane_barb": {
    "name": "Arcane Barb",
    "class": [
      "Wizard",
      "Bard"
    ],
    "level": 1,
    "target": "single",
    "damage": "1d8",
    "type": "arcane",
    "mana": 1,
    "slot_level": 1,
    "description": "A small arcane projectile that empowers next strike."
  },
  "mirror_echo": {
    "name": "Mirror Echo",
    "class": [
      "Wizard",
      "Bard"
    ],
    "level": 2,
    "target": "self",
    "type": "arcane",
    "mana": 2,
    "slot_level": 2,
    "description": "Creates a mirror image that can absorb one hit."
  },
  "soul_ward": {
    "name": "Soul Ward",
    "class": [
      "Cleric"
    ],
    "level": 4,
    "target": "single",
    "type": "holy",
    "mana": 4,
    "slot_level": 4,
    "description": "Shields an ally, negating the first X damage (approx 10)."
  },
  "gale_shove": {
    "name": "Gale Shove",
    "class": [
      "Ranger",
      "Druid"
    ],
    "level": 1,
    "target": "single",
    "damage": "1d4",
    "type": "wind",
    "mana": 1,
    "slot_level": 1,
    "description": "Pushes target back or staggers them."
  },
  "terra_bond": {
    "name": "Terra Bond",
    "class": [
      "Druid",
      "Paladin"
    ],
    "level": 2,
    "target": "self",
    "type": "earth",
    "mana": 2,
    "slot_level": 2,
    "description": "Grants temporary HP equal to 1d8 + level."
  },
  "umbra_grasp": {
    "name": "Umbra Grasp",
    "class": [
      "Warlock",
      "Wizard"
    ],
    "level": 3,
    "target": "single",
    "damage": "3d8",
    "save": "WIS",
    "type": "shadow",
    "mana": 4,
    "slot_level": 3,
    "description": "Shadow tendrils that may immobilize the target on failed WIS save."
  },
  "ember_wreath": {
    "name": "Ember Wreath",
    "class": [
      "Sorcerer",
      "Wizard"
    ],
    "level": 4,
    "target": "aoe",
    "damage": "4d6/tick",
    "type": "fire",
    "mana": 6,
    "slot_level": 4,
    "description": "Area burns for multiple ticks over 2 turns."
  },
  "arcing_seeker": {
    "name": "Arcing Seeker",
    "class": [
      "Wizard",
      "Warlock"
    ],
    "level": 2,
    "target": "single",
    "damage": "2d6",
    "type": "arcane",
    "mana": 2,
    "slot_level": 2,
    "description": "Homing projectile that tracks the target for a short time."
  },
  "hearth_heal": {
    "name": "Hearth Heal",
    "class": [
      "Cleric",
      "Druid"
    ],
    "level": 3,
    "target": "single",
    "heal": "3d6",
    "type": "holy",
    "mana": 4,
    "slot_level": 3,
    "description": "Major single-target heal, removes one negative."
  },
  "sunder_whirl": {
    "name": "Sunder Whirl",
    "class": [
      "Fighter",
      "Barbarian"
    ],
    "level": 2,
    "target": "aoe",
    "damage": "3d6",
    "type": "physical",
    "mana": 0,
    "slot_level": 0,
    "description": "A cleaving strike that reduces armor temporarily."
  },
  "spark_ripple": {
    "name": "Spark Ripple",
    "class": [
      "Bard",
      "Wizard"
    ],
    "level": 1,
    "target": "aoe",
    "damage": "1d6",
    "type": "electric",
    "mana": 1,
    "slot_level": 1,
    "description": "Cheap low-damage area effect."
  },
  "eldritch_bind": {
    "name": "Eldritch Bind",
    "class": [
      "Warlock"
    ],
    "level": 2,
    "target": "single",
    "type": "void",
    "mana": 3,
    "slot_level": 2,
    "description": "Roots the target and prevents reactions for 1 turn."
  },
  "crystalline_bolt": {
    "name": "Crystalline Bolt",
    "class": [
      "Ranger",
      "Wizard"
    ],
    "level": 1,
    "target": "single",
    "damage": "1d10",
    "type": "piercing",
    "mana": 1,
    "slot_level": 1,
    "description": "Piercing bolt with chance to shatter for extra damage."
  },
  "banshee_wail": {
    "name": "Banshee Wail",
    "class": [
      "Cleric",
      "Warlock"
    ],
    "level": 5,
    "target": "aoe",
    "damage": "6d8",
    "save": "CHA",
    "type": "sonic",
    "mana": 8,
    "slot_level": 5,
    "description": "Sonic wail that may fear enemies on failed CHA save."
  },
  "lunar_return": {
    "name": "Lunar Return",
    "class": [
      "Cleric",
      "Druid"
    ],
    "level": 4,
    "target": "self",
    "type": "arcane",
    "mana": 0,
    "slot_level": 4,
    "description": "One-time revival if fallen; long rest cooldown."
  },
  "thunder_clap": {
    "name": "Thunder Clap",
    "class": [
      "Bard",
      "Wizard"
    ],
    "level": 1,
    "target": "aoe",
    "damage": "2d6",
    "type": "thunder",
    "mana": 1,
    "slot_level": 1,
    "description": "Loud shock that can knock prone on fail."
  },
  "mire_snare": {
    "name": "Mire Snare",
    "class": [
      "Druid",
      "Ranger"
    ],
    "level": 1,
    "target": "single",
    "type": "earth",
    "mana": 1,
    "slot_level": 1,
    "description": "Slows the target's movement for a short duration."
  },
  "hexflare": {
    "name": "Hexflare",
    "class": [
      "Warlock",
      "Bard"
    ],
    "level": 2,
    "target": "single",
    "damage": "1d8",
    "type": "shadow",
    "mana": 2,
    "slot_level": 2,
    "description": "Deals shadow damage and reduces target attack briefly."
  },
  "ember_shield": {
    "name": "Ember Shield",
    "class": [
      "Sorcerer",
      "Paladin"
    ],
    "level": 3,
    "target": "self",
    "type": "fire",
    "mana": 3,
    "slot_level": 3,
    "description": "Reflects small fire damage to melee attackers for a duration."
  },
  "spirit_bond": {
    "name": "Spirit Bond",
    "class": [
      "Cleric",
      "Druid"
    ],
    "level": 2,
    "target": "single",
    "type": "holy",
    "mana": 2,
    "slot_level": 2,
    "description": "Links two allies so healing is partially shared."
  },
  "obsidian_spike": {
    "name": "Obsidian Spike",
    "class": [
      "Barbarian",
      "Fighter"
    ],
    "level": 3,
    "target": "single",
    "damage": "4d6",
    "type": "physical",
    "mana": 0,
    "slot_level": 0,
    "description": "Heavy strike that bypasses some resistances."
  },
  "ghost_walk": {
    "name": "Ghost Walk",
    "class": [
      "Rogue",
      "Wizard"
    ],
    "level": 4,
    "target": "self",
    "type": "shadow",
    "mana": 4,
    "slot_level": 4,
    "description": "Becomes incorporeal for one turn, avoiding physical hits."
  },
  "blight_seed": {
    "name": "Blight Seed",
    "class": [
      "Druid",
      "Warlock"
    ],
    "level": 3,
    "target": "single",
    "damage": "3d8",
    "type": "necrotic",
    "mana": 4,
    "slot_level": 3,
    "description": "Deals necrotic damage and reduces healing received."
  },
  "flare_shield": {
    "name": "Flare Shield",
    "class": [
      "Paladin",
      "Cleric"
    ],
    "level": 1,
    "target": "self",
    "type": "fire",
    "mana": 1,
    "slot_level": 1,
    "description": "Brief aura that burns melee attackers."
  },
  "soul_tether": {
    "name": "Soul Tether",
    "class": [
      "Warlock",
      "Cleric"
    ],
    "level": 5,
    "target": "single",
    "damage": "4d8",
    "type": "void",
    "mana": 8,
    "slot_level": 5,
    "description": "Drains life and heals the caster for a portion."
  },
  "void_wreath": {
    "name": "Void Wreath",
    "class": [
      "Warlock",
      "Wizard"
    ],
    "level": 4,
    "target": "aoe",
    "damage": "3d8",
    "type": "void",
    "mana": 6,
    "slot_level": 4,
    "description": "Void explosion that weakens resistances."
  },
  "ember_dart": {
    "name": "Ember Dart",
    "class": [
      "Sorcerer",
      "Wizard"
    ],
    "level": 0,
    "target": "single",
    "damage": "1d6",
    "type": "fire",
    "mana": 0,
    "slot_level": 0,
    "description": "Cantrip: small fiery dart, no slot required."
  },
  "arc_light": {
    "name": "Arc Light",
    "class": [
      "Wizard",
      "Bard"
    ],
    "level": 0,
    "target": "single",
    "damage": "1d4+1",
    "type": "arcane",
    "mana": 0,
    "slot_level": 0,
    "description": "Cantrip: minor arcane damage."
  },
  "mender_touch": {
    "name": "Mender Touch",
    "class": [
      "Cleric",
      "Druid"
    ],
    "level": 0,
    "target": "heal",
    "heal": "1d4",
    "type": "holy",
    "mana": 0,
    "slot_level": 0,
    "description": "Cantrip: small heal, unlimited uses."
  },
  "gale_guard": {
    "name": "Gale Guard",
    "class": [
      "Ranger",
      "Paladin"
    ],
    "level": 2,
    "target": "self",
    "type": "wind",
    "mana": 2,
    "slot_level": 2,
    "description": "Evasion for next area attack."
  },
  "shatterstone": {
    "name": "Shatterstone",
    "class": [
      "Fighter",
      "Wizard"
    ],
    "level": 2,
    "target": "aoe",
    "damage": "2d8",
    "type": "physical",
    "mana": 2,
    "slot_level": 2,
    "description": "Shatters fragile armor; reduces AC temporarily."
  },
  "ember_nova": {
    "name": "Ember Nova",
    "class": [
      "Sorcerer",
      "Wizard"
    ],
    "level": 5,
    "target": "aoe",
    "damage": "10d6",
    "type": "fire",
    "mana": 10,
    "slot_level": 5,
    "description": "Massive fireblast covering a large area."
  },
  "rift_pulse": {
    "name": "Rift Pulse",
    "class": [
      "Wizard",
      "Sorcerer"
    ],
    "level": 3,
    "target": "single",
    "damage": "5d6",
    "type": "force",
    "mana": 5,
    "slot_level": 3,
    "description": "Force blast that knocks back on hit."
  },
  "spectral_howl": {
    "name": "Spectral Howl",
    "class": [
      "Bard",
      "Warlock"
    ],
    "level": 1,
    "target": "aoe",
    "type": "fear",
    "mana": 2,
    "slot_level": 1,
    "description": "Frightens nearby enemies, reducing morale."
  },
  "aegis_smash": {
    "name": "Aegis Smash",
    "class": [
      "Paladin",
      "Fighter"
    ],
    "level": 1,
    "target": "single",
    "damage": "1d6",
    "type": "physical",
    "mana": 0,
    "slot_level": 0,
    "description": "Shield bash that can stun if target is rooted."
  },
  "crystal_lance": {
    "name": "Crystal Lance",
    "class": [
      "Ranger",
      "Wizard"
    ],
    "level": 4,
    "target": "single",
    "damage": "6d6",
    "type": "piercing",
    "mana": 5,
    "slot_level": 4,
    "description": "Piercing lance that penetrates defenses."
  },
  "siphon_wave": {
    "name": "Siphon Wave",
    "class": [
      "Warlock",
      "Cleric"
    ],
    "level": 3,
    "target": "aoe",
    "damage": "2d6",
    "type": "void",
    "mana": 4,
    "slot_level": 3,
    "description": "Damage to many, caster heals for a portion."
  },
  "ember_blessing": {
    "name": "Ember Blessing",
    "class": [
      "Paladin",
      "Fighter"
    ],
    "level": 2,
    "target": "self",
    "type": "fire",
    "mana": 2,
    "slot_level": 2,
    "description": "Weapon imbue: next 3 attacks deal bonus fire dice."
  },
  "nether_chain": {
    "name": "Nether Chain",
    "class": [
      "Warlock",
      "Wizard"
    ],
    "level": 4,
    "target": "single",
    "damage": "0",
    "type": "void",
    "mana": 6,
    "slot_level": 4,
    "description": "Links enemies so damage to one splits to linked targets."
  },
  "holy_burst": {
    "name": "Holy Burst",
    "class": [
      "Cleric",
      "Paladin"
    ],
    "level": 2,
    "target": "aoe",
    "damage": "3d6",
    "type": "radiant",
    "mana": 3,
    "slot_level": 2,
    "description": "Radiant burst, especially effective versus undead."
  },
  "shadow_shroud": {
    "name": "Shadow Shroud",
    "class": [
      "Rogue",
      "Warlock"
    ],
    "level": 3,
    "target": "self",
    "type": "shadow",
    "mana": 3,
    "slot_level": 3,
    "description": "Concealment that makes the caster harder to hit."
  },
  "earth_rend": {
    "name": "Earth Rend",
    "class": [
      "Druid",
      "Barbarian"
    ],
    "level": 3,
    "target": "aoe",
    "damage": "4d6",
    "type": "earth",
    "mana": 4,
    "slot_level": 3,
    "description": "Ground rending that creates slowing terrain."
  },
  "tempest_strike": {
    "name": "Tempest Strike",
    "class": [
      "Ranger",
      "Sorcerer"
    ],
    "level": 2,
    "target": "single",
    "damage": "3d6",
    "type": "lightning",
    "mana": 3,
    "slot_level": 2,
    "description": "Lightning strike that can chain once."
  },
  "fey_step": {
    "name": "Fey Step",
    "class": [
      "Rogue",
      "Bard"
    ],
    "level": 1,
    "target": "self",
    "type": "arcane",
    "mana": 1,
    "slot_level": 1,
    "description": "Short teleport with a charm effect on next enemy."
  },
  "infernal_brand": {
    "name": "Infernal Brand",
    "class": [
      "Warlock",
      "Paladin"
    ],
    "level": 3,
    "target": "single",
    "damage": "4d6",
    "type": "fire",
    "mana": 4,
    "slot_level": 3,
    "description": "Brand target; marked target takes extra damage from caster."
  },
  "bleak_ward": {
    "name": "Bleak Ward",
    "class": [
      "Cleric",
      "Druid"
    ],
    "level": 2,
    "target": "self",
    "type": "dark",
    "mana": 2,
    "slot_level": 2,
    "description": "Reduces incoming necrotic damage for a short duration."
  },
  "soulsnare": {
    "name": "Soulsnare",
    "class": [
      "Warlock",
      "Rogue"
    ],
    "level": 3,
    "target": "single",
    "type": "debuff",
    "mana": 3,
    "slot_level": 3,
    "description": "Weakens target's damage output for several turns."
  },
  "auric_wave": {
    "name": "Auric Wave",
    "class": [
      "Cleric",
      "Bard"
    ],
    "level": 1,
    "target": "aoe",
    "heal": "1d4",
    "type": "holy",
    "mana": 1,
    "slot_level": 1,
    "description": "Small group heal."
  },
  "phantom_edge": {
    "name": "Phantom Edge",
    "class": [
      "Rogue",
      "Fighter"
    ],
    "level": 2,
    "target": "single",
    "damage": "2d6",
    "type": "physical",
    "mana": 2,
    "slot_level": 2,
    "description": "Attack that bypasses armor if striking a flank."
  },
  "cataclysm_orb": {
    "name": "Cataclysm Orb",
    "class": [
      "Wizard",
      "Sorcerer"
    ],
    "level": 9,
    "target": "aoe",
    "damage": "20d6",
    "type": "arcane",
    "mana": 20,
    "slot_level": 9,
    "description": "Legendary high-damage orb of chosen element; massive cooldown."
  }
}